object_name,constellation,spectral_type,vmag,coherence_score,e_total,e_uv,e_vis,e_ir,timestamp
Altarf,Cancer,K4III,3.52,0.4584534668326978,5.3367957746390595e-11,2.0331018879304035e-12,2.6140238082882575e-11,2.519461769431653e-11,2026-02-28T23:33:48.920632+00:00
Asellus Australis,Cancer,K0IIIb,3.94,0.4584534668326978,5.3367957746390595e-11,2.0331018879304035e-12,2.6140238082882575e-11,2.519461769431653e-11,2026-02-28T23:33:49.155571+00:00
Acubens,Cancer,Am,4.25,0.47117194612708935,2.8857080698467712e-11,4.7328349942214546e-12,1.774796738069463e-11,6.376278242292097e-12,2026-02-28T23:33:50.173126+00:00
Asellus Borealis,Cancer,A1IV,4.66,0.47117194612708935,2.8857080698467712e-11,4.7328349942214546e-12,1.774796738069463e-11,6.376278242292097e-12,2026-02-28T23:33:49.580827+00:00
Aldebaran,Taurus,K5III,0.87,0.4584534668326978,5.3367957746390595e-11,2.0331018879304035e-12,2.6140238082882575e-11,2.519461769431653e-11,2026-03-01T00:00:02.567786+00:00
Elnath,Taurus,B7III,1.65,0.46312651890007983,1.5239752930106188e-11,4.101819063200554e-12,9.169494284548731e-12,1.9684396135705626e-12,2026-03-01T00:00:02.649021+00:00
Alcyone,Taurus,B7IIIe,2.87,0.46312651890007983,1.5239752930106188e-11,4.101819063200554e-12,9.169494284548731e-12,1.9684396135705626e-12,2026-03-01T00:00:02.718830+00:00
Tianguan,Taurus,B4IIIpe,3.0,0.46312651890007983,1.5239752930106188e-11,4.101819063200554e-12,9.169494284548731e-12,1.9684396135705626e-12,2026-03-01T00:00:02.900188+00:00
Ain,Taurus,K0III,3.53,0.4584534668326978,5.3367957746390595e-11,2.0331018879304035e-12,2.6140238082882575e-11,2.519461769431653e-11,2026-03-01T00:00:02.814880+00:00
